cluster_id,cluster_weight,n_patterns,centroid_fgs,centroid_n_fgs,union_fgs,union_n_fgs,common_fgs,common_n_fgs
0,1311,1034,"oxy,ether,amine,carbonyl,hetero N nonbasic,benzene",6,"1,2,4-triazine,1,2,5-oxadiazole,1,2-diol,1,2-thiazine,1,3,4-thiadiazole,1,3-dioxolane,1,4-dioxane,1H-1,2,3-triazole,1H-1,2,4-triazole,1H-indazole,1H-indole,1H-pyrrole,2,3-dihydro-1H-indene,2-oxazolidone,2-pyrroline,2H-1,2,3-triazole,2H-1,2-thiazine,2H-azirine,2H-chromen-2-one,2H-pyrrole,3-pyrroline,4H-1,2,4-triazole,4H-1,4-oxazine,5-azaindole,6-azaindole,7-azaindazole,7-azaindole,Aryl bromide,Aryl chloride,Aryl fluoride,Aryl iodide,Aryl thiol,N-oxide,acetal,acylhydrazone,aldehyde,alkene,alkyl aryl ether,alkyl aryl thioether,alkyl bromide,alkyl chloride,alkyl fluoride,alkyl iodide,alkyne,amide,amidine,amidrazone,amine,ammonium,azecine,azepine,azetidin-2-one,azetidine,azide,azo,azocine,benzene,benzimidazole,benzo[b]thiophene,benzo[d]thiazole,benzofuran,borane,borinic acid,borinic ester,borohydride,boronamide,boronic acid,boronic acid derivative,boronic ester,bromide,bromoalkene,carbamic acid,carbazole,carbodiimide,carbonic acid diester,carbonic acid monoester,carbonyl,carbothioic S ester,carbothioic S lactone,carbothioic acid,carboxylic acid,carboxylic ester,chloride,chloroalkene,cinnoline,cobalt,copper,cytosine,dialkyl ether,dialkyl thioether,diaryl ether,diaryl thioether,diazo,dibenzofuran,disulfide,enamine,endiol,enol,enolester,enolether,epoxide,ether,fluorene,fluoride,fluoroalkene,furan,guanine,halogen on hetero,halogenmethylen ester and similar,hemiacetal,hetero N basic H,hetero N basic no H,hetero N nonbasic,hetero O,hetero S,hydrazine,hydrazone,hydroxamic acid ester,hydroxy,hydroxylamine,imidazole,imidazolidine,imide,imide acidic,imine,iminoarene,immonium,indoline,indolizine,iodide,isoquinolin-1(2H)-one,isoquinoline,isothiocyanate,isothiourea,isourea,isoxazole,ketene,ketone,lactam,lactone,manganese,morpholine,nitrate,nitrile,nitro,organometallic compounds,ortho ester,oxazole,oxepane,oxetane,oximether,oxirane,oxoarene,oxy,peroxo,phenazine,phenol,phenothiazine,phenoxazine,phosphine,phosphine oxide,phosphonic acid,phosphonic acid derivative,phosphonic diester,phosphonic esteramide,phosphonic monoester,phosphonium,phosphonous diester,phosphonous esteramide,phosphonous monoester,phosphoric acid derivative,phosphoric diester,phosphoric diestermonoamide,phosphoric monoester,phosphoric triester,piperazine,piperidine,primary aliphatic amine,primary amide,primary aromatic amine,primary hydroxyl,pteridine,purine,pyrazine,pyrazole,pyrazolo[1,5-a]pyrimidine,pyridazine,pyridine,pyrido[3,2-d]pyrimidine,pyrido[3,4-b]pyrazine,pyrido[4,3-d]pyrimidine,pyrimidine,pyrrolidine,quaternary aliphatic ammonium,quaternary boron,quinazoline,quinolin-2(1H)-one,quinoline,quinoxaline,quinuclidine,secondary aliphatic amine,secondary amide,secondary aromatic amine,secondary hydroxyl,secondary mixed amine,selenide,selenium,selenol,selone,silane,silyl ether,silyl hydride,succinimide,sugar pattern 1,sugar pattern 2,sugar pattern 2 alpha,sugar pattern 2 beta,sugar pattern combi,sulfanylidene,sulfenic acid,sulfenic amide,sulfenic derivative,sulfenic ester,sulfenic halide,sulfide,sulfinic acid,sulfinic amide,sulfinic derivative,sulfinic ester,sulfon,sulfonamide,sulfonic acid,sulfonic derivative,sulfonic ester,sulfonic halide,sulfonyl,sulfoxide,sulfuric derivative,sulfuric diamide,tertiary aliphatic amine,tertiary amide,tertiary hydroxyl,tertiary mixed amine,tetrahydrofuran,tetrahydropyran,tetrazole,thiane,thiazole,thietane,thioamide,thioarene,thiocyanate,thioenolether,thioether,thiol,thiolactam,thionyl,thiophene,thiosemicarbazide,thiourea,thymine,tin,trifluoromethyl,uracil,urea,urethane",266,"oxy,ether,amine,carbonyl,hetero N nonbasic,benzene",6
1,827,652,"oxy,ether,amine,carbonyl,hetero N nonbasic,benzene",6,"1,1-diol,1,2,3-oxadiazole,1,2,4-triazine,1,2,5-oxadiazole,1,2-dihydroquinoline,1,2-diol,1,3,5-triazine,1,8-naphthyridine,1H-1,2,4-triazole,1H-indazole,1H-indole,1H-pyrrole,2,3-dihydro-1H-indene,3-pyrroline,4H-1,2,4-triazole,5-azaindole,6-azaindole,7-azaindazole,7-azaindole,Aryl bromide,Aryl chloride,Aryl fluoride,Aryl iodide,N-oxide,acyl chloride,aldehyde,alkene,alkyl chloride,alkyl fluoride,alkyl iodide,alkyne,amide,amidine,amidrazone,aminal,amine,azepine,azetidine,azide,azo,azocane,azonane,benzene,benzimidazole,benzo[b]thiophene,benzo[d]thiazole,benzofuran,biuret,bromide,bromoalkene,carbamic acid,carbazole,carbonyl,carboxylic acid,chloride,chloroalkene,diazo,dibenzofuran,dihydroazepine,enamine,enol,fluorene,fluoride,fluoroalkene,furan,gold,guanine,halogen multi subst,halogen on hetero,hetero N basic H,hetero N basic no H,hetero N nonbasic,hetero O,hetero S,hydantoin,hydrazine,hydroxamic acid,hydroxy,hydroxylamine,imidazole,imidazolidine,imide,imide acidic,imine,iminoarene,indene,indoline,indolizine,iodide,iridium,isothiazole,isothiourea,isourea,isoxazole,ketone,lactam,nitrile,nitro,oxazole,oxoarene,phenol,phosphine,phosphine oxide,phosphonium,phthalazine,piperazine,piperidine,primary aliphatic amine,primary amide,primary aromatic amine,primary hydroxyl,purine,pyrazine,pyrazole,pyrazolo[1,5-a]pyrimidine,pyridazine,pyridine,pyrimidine,pyrrolidine,pyrrolizidine,quaternary boron,quinazoline,quinoxaline,secondary aliphatic amine,secondary amide,secondary aromatic amine,secondary hydroxyl,secondary mixed amine,semicarbazide,silane,succinimide,sulfanylidene,tertiary aliphatic amine,tertiary amide,tertiary hydroxyl,tertiary mixed amine,tetrahydroquinoline,tetrazole,thiazole,thiol,thionyl,thiophene,thymine,trifluoromethyl,uracil,urea,vanadium",147,"amine,carbonyl,amide,hetero N nonbasic,benzene",5
2,633,357,"oxy,ether,amine,carbonyl,hetero N nonbasic,benzene",6,"1,1-diol,1,2-diol,1,3,5-triazine,1,3-dioxolane,1,4-dioxane,1,8-naphthyridine,1H-indole,1H-pyrrole,2,3-dihydro-1H-indene,2-imidazoline,2H-1,4-oxazine,2H-chromen-2-one,2H-isoindole,2H-pyran,Aryl bromide,Aryl chloride,Aryl fluoride,Aryl thiol,acetal,adenine,aldehyde,alkene,alkyl aryl ether,alkyl bromide,alkyl chloride,alkyl fluoride,alkyne,aluminum,amide,amidine,aminal,amine,ammonium,azide,azo,benzene,benzoxazine,bromide,bromoalkene,cadmium,carbazole,carbonic acid monoester,carbonyl,carbothioic acid,carboxylic acid,carboxylic ester,chloride,chloroalkene,cobalt,copper,cyanate,dialkyl ether,diaryl ether,enamine,endiol,enol,enolether,ether,fluorene,fluoride,fluoroalkene,furan,gallium,gold,guanidine,hafnium,halogen on hetero,hemiacetal,hemiaminal,hetero N basic H,hetero N basic no H,hetero N nonbasic,hetero O,hydrazine,hydrazone,hydroperoxide,hydroxy,imidazole,imine,iminophosphine,immonium,indene,indium,iridium,iron,isocyanate,ketene,ketone,lactam,lactone,lead,manganese,mercury,molybdenum,nickel,niobium,nitrile,nitroso,organometallic compounds,oxime,oximether,oxoarene,oxy,palladium,peroxo,phenol,phenoxazine,phosphine,phosphite ester,phosphole,phosphonic acid,phosphonic acid derivative,phosphonic diester,phosphonic monoester,phosphonium,phosphonous acid,phosphonous diester,phosphonous monoamide,phosphonous monoester,phosphoric acid,phosphoric acid derivative,phosphoric diester,phosphoric monoester,phosphoric triester,platinum,primary aliphatic amine,primary amide,primary hydroxyl,purine,pyridine,pyrimidine,quaternary aliphatic ammonium,quaternary boron,rhodium,ruthenium,secondary aliphatic amine,secondary amide,secondary aromatic amine,secondary hydroxyl,secondary mixed amine,silane,silanol,silicic acid derivative,siloxane,siloxide,silver,silyl ether,silyl halide,silyl hydride,sugar pattern 1,sugar pattern 2,sugar pattern 2 alpha,sugar pattern 2 beta,sugar pattern 2 reducing,sugar pattern combi,sulfanylidene,sulfonic derivative,sulfonium,tertiary aliphatic amine,tertiary aromatic amine,tertiary hydroxyl,tertiary mixed amine,tetrahydrofuran,tetrahydropyran,tetrahydrothiophene,thioarene,thioketone,thiol,thiolactam,thionyl,tin,titanium,trifluoromethyl,tungsten,urea,urethane,vanadium,zinc,zirconium",179,hydroxy,1
3,491,368,"oxy,ether,amine,carbonyl,hetero N nonbasic,benzene",6,"1,2-diol,1,3-dioxolane,2,3-dihydro-1H-indene,2-imidazoline,2-oxazolidone,2H-chromene,3-pyrroline,Aryl chloride,Aryl fluoride,N hetero imide,N-oxide,acetal,acyl chloride,aldehyde,alkene,alkyl aryl ether,alkyl aryl thioether,alkyl chloride,alkyl fluoride,alkyne,amide,amidine,amine,azetidine,aziridine,benzene,carbamic acid,carbonic acid diester,carbonic acid monoester,carbonyl,carbothioic S ester,carboxylic acid,carboxylic anhydride,carboxylic ester,chloride,chloroalkene,cobalt,dialkyl ether,dialkyl thioether,diaryl ether,diaryl thioether,enamine,enol,enolether,ether,fluorene,fluoride,guanidine,halogen on hetero,halogenmethylen ester and similar,hemiacetal,hemiaminal,hydrazine,hydroxamic acid ester,hydroxy,hydroxylamine,imidazolidine,imide,imide acidic,imine,indoline,ketone,lactam,lactone,morpholine,nitrile,nitro,oxepane,oxetane,oxime,oximether,oxy,peroxo,phenol,phosphonic acid derivative,phosphonic diester,phosphonic esteramide,phosphoric acid derivative,phosphoric diestermonoamide,piperazine,piperidine,primary aliphatic amine,primary amide,primary aromatic amine,primary hydroxyl,pyrrolidine,secondary aliphatic amine,secondary amide,secondary hydroxyl,secondary mixed amine,succinimide,sugar pattern 1,sulfanylidene,sulfide,tertiary aliphatic amine,tertiary amide,tertiary hydroxyl,tetrahydrofuran,tetrahydropyran,tetrahydrothiophene,thiane,thioacetal,thioamide,thiocarbonic acid diester,thioenolether,thioether,thiol,trifluoromethyl,urea,urethane",110,"oxy,ether,amine,carbonyl,amide,benzene",6
4,304,125,"amine,carbonyl,amide,hetero N nonbasic,benzene",5,"1,2-diol,alkyne,amide,amidine,amine,azide,azo,benzene,carbonyl,carboxylic acid,guanidine,hetero N basic H,hetero N nonbasic,hydrazine,hydroxy,imidazole,imine,phenol,primary aliphatic amine,primary amide,primary hydroxyl,pyrrolidine,secondary aliphatic amine,secondary amide,secondary hydroxyl,selenium,tertiary amide,tertiary hydroxyl,thiol,urea",30,"hydroxy,secondary hydroxyl,amine,primary aliphatic amine,thiol,carbonyl,imine,carboxylic acid,amide,primary amide,secondary amide,tertiary amide,amidine,guanidine,phenol,benzene,pyrrolidine",17
5,184,136,"oxy,amine,sulfonyl,sulfonamide,sulfonic derivative,sulfanylidene,benzene",7,"1,2-diol,1H-1,2,4-triazole,1H-indazole,1H-indole,1H-pyrrole,4H-1,2,4-triazole,7-azaindazole,7-azaindole,Aryl chloride,Aryl fluoride,aldehyde,alkene,alkyl aryl ether,alkyl chloride,alkyl fluoride,alkyne,amide,amidine,aminal,amine,ammonium,azetidine,benzene,carbamic acid,carbonyl,carboxylic acid,carboxylic ester,chloride,dialkyl ether,diaryl ether,enamine,ether,fluoride,fluoroalkene,guanidine,halogen on hetero,halogenmethylen ester and similar,hetero N basic H,hetero N basic no H,hetero N nonbasic,hetero O,hetero S,hydroxy,imidazole,imide,imide acidic,imine,indoline,isothiourea,isourea,isoxazole,ketone,lactam,morpholine,nitrile,orthocarbonic derivatives,oxoarene,oxy,palladium,peroxo,phenol,piperazine,piperidine,primary aliphatic amine,primary amide,primary aromatic amine,primary hydroxyl,pyrazine,pyrazole,pyridazine,pyridine,pyrimidine,pyrrolidine,quaternary aliphatic ammonium,quinazoline,secondary aliphatic amine,secondary amide,secondary hydroxyl,secondary mixed amine,silane,silicic acid derivative,silyl ether,sulfanylidene,sulfonamide,sulfonic acid,sulfonic derivative,sulfonic ester,sulfonic halide,sulfonyl,sulfuric acid,sulfuric derivative,sulfuric diamide,sulfuric diester,sulfuric monoamide,sulfuric monoester,tertiary aliphatic amine,tertiary amide,tertiary hydroxyl,tertiary mixed amine,tetrahydrofuran,tetrahydropyran,tetrahydroquinoline,thiazole,thiophene,trifluoromethyl,urea,urethane",107,"oxy,amine,sulfonyl,sulfonamide,sulfonic derivative,sulfanylidene,benzene",7
6,148,58,"hydroxy,amine,primary aliphatic amine,sulfide,carbonyl,imine,carboxylic acid,amide,primary amide,secondary amide,lactam,amidine,guanidine,hetero N basic H,benzene,1H-pyrrole,1H-indole",17,"1H-indole,1H-pyrrole,Aryl fluoride,N-oxide,alkene,alkyl fluoride,amide,amidine,amine,benzene,carbonyl,carboxylic acid,dialkyl thioether,disulfide,fluoride,guanidine,hetero N basic H,hetero N nonbasic,hydroxy,imidazole,imine,lactam,nitro,phenol,primary aliphatic amine,primary amide,primary hydroxyl,pyrrolidine,secondary aliphatic amine,secondary amide,secondary hydroxyl,secondary mixed amine,sulfenic derivative,sulfide,tertiary amide,thioenolether,thioether,thiol",38,"hydroxy,amine,primary aliphatic amine,sulfide,carbonyl,imine,carboxylic acid,amide,primary amide,secondary amide,lactam,amidine,guanidine,hetero N basic H,benzene,1H-pyrrole,1H-indole",17
7,68,55,"amine,carbonyl,amide,lactam,urea,oxoarene,hetero N basic H,hetero N basic no H,benzene,imidazole,piperidine,benzimidazole",12,"1H-1,2,4-triazole,1H-pyrrole,4H-1,2,4-triazole,Aryl bromide,Aryl chloride,Aryl fluoride,Aryl iodide,N hetero imide,N-oxide,aldehyde,alkene,alkyl aryl ether,alkyl aryl thioether,alkyne,amide,amine,azetidine,azide,azo,benzene,benzimidazole,bromide,carbamic acid,carbonyl,carboxylic acid,carboxylic ester,chloride,dialkyl ether,ether,fluoride,hetero N basic H,hetero N basic no H,hetero N nonbasic,hydroxy,imidazole,imide,imide acidic,iodide,ketone,lactam,morpholine,nitro,oxoarene,oxy,phenol,piperazine,piperidine,primary aliphatic amine,primary aromatic amine,primary hydroxyl,pyrazole,pyridazine,pyridine,pyrimidine,pyrrolidine,secondary aliphatic amine,secondary amide,secondary hydroxyl,secondary mixed amine,semicarbazide,sulfide,tertiary aliphatic amine,tertiary mixed amine,thioether,urea,urethane",66,"amine,carbonyl,amide,lactam,urea,oxoarene,hetero N basic H,hetero N basic no H,benzene,imidazole,piperidine,benzimidazole",12
8,72,55,"oxy,ether,dialkyl ether,alkyl aryl ether,amine,tertiary aliphatic amine,tertiary mixed amine,carbonyl,amide,lactam,oxoarene,hetero N basic no H,hetero N nonbasic,benzene,piperidine,pyridine,pyrimidine,quinazoline",18,"1H-pyrrole,2-oxazolidone,3-pyrroline,6-azaindole,Aryl fluoride,N-oxide,acetal,aldehyde,alkene,alkyl aryl ether,alkyl fluoride,alkyne,amide,amidine,aminal,amine,azetidine,benzene,carbamic acid,carbonic acid diester,carbonyl,carboxylic acid,carboxylic ester,dialkyl ether,diaryl ether,enamine,ether,fluorene,fluoride,hetero N basic H,hetero N basic no H,hetero N nonbasic,hetero S,hydroxy,imidazole,imide,imide acidic,imine,ketone,lactam,lactone,nitrile,nitro,oxoarene,oxy,peroxo,phenol,piperazine,piperidine,primary aliphatic amine,primary amide,primary hydroxyl,pyridazine,pyridine,pyrido[4,3-d]pyrimidine,pyrimidine,pyrrolidine,quinazoline,secondary aliphatic amine,secondary amide,secondary mixed amine,sugar pattern 1,sugar pattern 2,sugar pattern 2 alpha,sugar pattern 2 beta,sugar pattern combi,sulfide,tertiary aliphatic amine,tertiary amide,tertiary hydroxyl,tertiary mixed amine,tetrahydropyran,thioenolether,thioether,thiophene,trifluoromethyl,uracil,urea,urethane",79,"alkyne,oxy,ether,dialkyl ether,alkyl aryl ether,amine,tertiary aliphatic amine,tertiary mixed amine,carbonyl,amide,lactam,urea,oxoarene,hetero N basic H,hetero N basic no H,hetero N nonbasic,benzene,1H-pyrrole,piperidine,pyridine,pyrimidine,quinazoline,6-azaindole",23
