model_name,cluster_id,cluster_weight,effective_weight,centroid_fgs,centroid_n_fgs,was_reused,target_coverage
Small Statistical,4,304,304.0,"amine,carbonyl,amide,hetero N nonbasic,benzene",5,False,0.25
Small Transformer-Finetuned,0,1311,1311.0,"oxy,ether,amine,carbonyl,hetero N nonbasic,benzene",6,False,0.65
Small Transformer-Finetuned,1,827,827.0,"oxy,ether,amine,carbonyl,hetero N nonbasic,benzene",6,False,0.65
Small Transformer-Finetuned,2,633,633.0,"oxy,ether,amine,carbonyl,hetero N nonbasic,benzene",6,False,0.65
Large Transformer-Statistical,0,1311,655.5,"oxy,ether,amine,carbonyl,hetero N nonbasic,benzene",6,True,0.55
Large Transformer-Statistical,3,491,491.0,"oxy,ether,amine,carbonyl,hetero N nonbasic,benzene",6,False,0.55
Large Transformer-Statistical,1,827,413.5,"oxy,ether,amine,carbonyl,hetero N nonbasic,benzene",6,True,0.55
Large Transformer-Statistical,5,184,184.0,"oxy,amine,sulfonyl,sulfonamide,sulfonic derivative,sulfanylidene,benzene",7,False,0.55
Large Statistical,0,1311,327.75,"oxy,ether,amine,carbonyl,hetero N nonbasic,benzene",6,True,0.3
Large Statistical,3,491,245.5,"oxy,ether,amine,carbonyl,hetero N nonbasic,benzene",6,True,0.3
Large Statistical,7,68,68.0,"amine,carbonyl,amide,lactam,urea,oxoarene,hetero N basic H,hetero N basic no H,benzene,imidazole,piperidine,benzimidazole",12,False,0.3
